{
  "timestamp": "2026-04-03T17:42:53.529751",
  "iterations": 50,
  "total_pnl": 0.5508370611133728,
  "avg_pnl": 0.011016741222267456,
  "win_rate": 0.26,
  "wins": 13,
  "losses": 37,
  "tool_stats": {
    "leader": {
      "trades": 10,
      "wins": 2,
      "win_rate": 0.2,
      "avg_pnl": 0.0016418691403599726
    },
    "mole": {
      "trades": 14,
      "wins": 4,
      "win_rate": 0.2857142857142857,
      "avg_pnl": 0.01615772092257401
    },
    "rabbit": {
      "trades": 13,
      "wins": 5,
      "win_rate": 0.38461538461538464,
      "avg_pnl": 0.018833877671618947
    },
    "oracle": {
      "trades": 6,
      "wins": 0,
      "win_rate": 0.0,
      "avg_pnl": -0.005403663625703839
    },
    "hitchhiker": {
      "trades": 7,
      "wins": 2,
      "win_rate": 0.2857142857142857,
      "avg_pnl": 0.013684549830987708
    }
  }
}