{
  "timestamp": "2026-04-05T14:05:49.549794",
  "skill_weights": {
    "binance_spot": 0.05164001084304688,
    "binance_grid": 0.027107617240444557,
    "okx_spot": 0.027107617240444557,
    "bybit_spot": 0.01694226077527785,
    "trading_brain": 0.06556654920032527,
    "quant_system": 0.04066142586066683,
    "trading_agents": 0.0338845215505557,
    "crypto_trading_bot": 0.027107617240444557,
    "rho_signals": 0.027107617240444557,
    "trading_assistant": 0.020330712930333415,
    "trading_devbox": 0.01694226077527785,
    "polymarket": 0.052453239360260216,
    "polymarket_arbitrage": 0.027107617240444557,
    "moneyclaw": 0.0645500135538086,
    "agentbrain": 0.027107617240444557,
    "hermes": 0.0338845215505557,
    "agent_stock": 0.01694226077527785,
    "akshare_stock": 0.013553808620222279,
    "china_stock_analysis": 0.013553808620222279,
    "stock_analysis": 0.013553808620222279,
    "stock_watcher": 0.010165356465166708,
    "rag": 0.027107617240444557,
    "evomap": 0.020330712930333415,
    "data_analysis": 0.01694226077527785,
    "gstack_browse": 0.01694226077527785,
    "gstack_investigate": 0.013553808620222279,
    "gstack_retro": 0.013553808620222279,
    "openclaw_quant": 0.020330712930333415,
    "article_writing": 0.0338845215505557,
    "content_writer": 0.0338845215505557,
    "video_to_text": 0.027107617240444557,
    "openai_whisper": 0.027107617240444557,
    "automation_scripts": 0.04066142586066683,
    "website_cloner": 0.0338845215505557,
    "public_apis": 0.027107617240444557,
    "canvas_design": 0.020330712930333415
  },
  "strategy_weights": {
    "rabbit_v2": 0.1209375886402902,
    "rabbit": 0.10758030273076559,
    "mole_v2": 0.07251957607378312,
    "mole": 0.06786945272947628,
    "oracle": 0.07235626305429728,
    "leader_v2": 0.07529589740504208,
    "leader": 0.0388696446939027,
    "signal_optimizer": 0.05766955186334425,
    "sonar": 0.07591476779467257,
    "mirofish": 0.1454345415631635,
    "crypto_dca": 0.04899390584574657,
    "smart_rebalance": 0.04916581428731058,
    "crypto_alert": 0.03243797686685405,
    "crypto_funding": 0.03495471645135135
  },
  "combined_weights": {
    "skill_binance_spot": 0.02065600433721876,
    "skill_binance_grid": 0.010843046896177825,
    "skill_okx_spot": 0.010843046896177825,
    "skill_bybit_spot": 0.006776904310111141,
    "skill_trading_brain": 0.026226619680130115,
    "skill_quant_system": 0.016264570344266736,
    "skill_trading_agents": 0.013553808620222282,
    "skill_crypto_trading_bot": 0.010843046896177825,
    "skill_rho_signals": 0.010843046896177825,
    "skill_trading_assistant": 0.008132285172133368,
    "skill_trading_devbox": 0.006776904310111141,
    "skill_polymarket": 0.02098129574410409,
    "skill_polymarket_arbitrage": 0.010843046896177825,
    "skill_moneyclaw": 0.025820005421523445,
    "skill_agentbrain": 0.010843046896177825,
    "skill_hermes": 0.013553808620222282,
    "skill_agent_stock": 0.006776904310111141,
    "skill_akshare_stock": 0.0054215234480889125,
    "skill_china_stock_analysis": 0.0054215234480889125,
    "skill_stock_analysis": 0.0054215234480889125,
    "skill_stock_watcher": 0.004066142586066684,
    "skill_rag": 0.010843046896177825,
    "skill_evomap": 0.008132285172133368,
    "skill_data_analysis": 0.006776904310111141,
    "skill_gstack_browse": 0.006776904310111141,
    "skill_gstack_investigate": 0.0054215234480889125,
    "skill_gstack_retro": 0.0054215234480889125,
    "skill_openclaw_quant": 0.008132285172133368,
    "skill_article_writing": 0.013553808620222282,
    "skill_content_writer": 0.013553808620222282,
    "skill_video_to_text": 0.010843046896177825,
    "skill_openai_whisper": 0.010843046896177825,
    "skill_automation_scripts": 0.016264570344266736,
    "skill_website_cloner": 0.013553808620222282,
    "skill_public_apis": 0.010843046896177825,
    "skill_canvas_design": 0.008132285172133368,
    "strategy_rabbit_v2": 0.07256255318417412,
    "strategy_rabbit": 0.06454818163845936,
    "strategy_mole_v2": 0.04351174564426988,
    "strategy_mole": 0.04072167163768577,
    "strategy_oracle": 0.04341375783257837,
    "strategy_leader_v2": 0.04517753844302526,
    "strategy_leader": 0.023321786816341623,
    "strategy_signal_optimizer": 0.03460173111800655,
    "strategy_sonar": 0.04554886067680355,
    "strategy_mirofish": 0.0872607249378981,
    "strategy_crypto_dca": 0.029396343507447943,
    "strategy_smart_rebalance": 0.02949948857238635,
    "strategy_crypto_alert": 0.01946278612011243,
    "strategy_crypto_funding": 0.02097282987081081
  },
  "mirofish_verification": 0.8722025482561322,
  "total_confidence": 0.8084763243191916
}