{
  "timestamp": "2026-04-05T12:03:03.971188",
  "skill_weights": {
    "binance_spot": 0.04880382775119615,
    "binance_grid": 0.027341079972658913,
    "okx_spot": 0.027341079972658913,
    "bybit_spot": 0.01708817498291182,
    "trading_brain": 0.0620300751879699,
    "quant_system": 0.04101161995898837,
    "trading_agents": 0.03417634996582364,
    "crypto_trading_bot": 0.027341079972658913,
    "rho_signals": 0.027341079972658913,
    "trading_assistant": 0.020505809979494184,
    "trading_devbox": 0.01708817498291182,
    "polymarket": 0.05167464114832534,
    "polymarket_arbitrage": 0.027341079972658913,
    "moneyclaw": 0.06510594668489403,
    "agentbrain": 0.027341079972658913,
    "hermes": 0.03417634996582364,
    "agent_stock": 0.01708817498291182,
    "akshare_stock": 0.013670539986329456,
    "china_stock_analysis": 0.013670539986329456,
    "stock_analysis": 0.013670539986329456,
    "stock_watcher": 0.010252904989747092,
    "rag": 0.027341079972658913,
    "evomap": 0.020505809979494184,
    "data_analysis": 0.01708817498291182,
    "gstack_browse": 0.01708817498291182,
    "gstack_investigate": 0.013670539986329456,
    "gstack_retro": 0.013670539986329456,
    "openclaw_quant": 0.020505809979494184,
    "article_writing": 0.03417634996582364,
    "content_writer": 0.03417634996582364,
    "video_to_text": 0.027341079972658913,
    "openai_whisper": 0.027341079972658913,
    "automation_scripts": 0.04101161995898837,
    "website_cloner": 0.03417634996582364,
    "public_apis": 0.027341079972658913,
    "canvas_design": 0.020505809979494184
  },
  "strategy_weights": {
    "rabbit_v2": 0.14186826489451132,
    "rabbit": 0.08784337766602575,
    "mole_v2": 0.065778822059831,
    "mole": 0.06872940540646431,
    "oracle": 0.06906300973329516,
    "leader_v2": 0.06637516140053895,
    "leader": 0.040044042685220986,
    "signal_optimizer": 0.048974728463939333,
    "sonar": 0.08020332002565123,
    "mirofish": 0.15349256073874634,
    "crypto_dca": 0.04926281510196251,
    "smart_rebalance": 0.048294843998204655,
    "crypto_alert": 0.0392996268125691,
    "crypto_funding": 0.04077002101303937
  },
  "combined_weights": {
    "skill_binance_spot": 0.019521531100478464,
    "skill_binance_grid": 0.010936431989063567,
    "skill_okx_spot": 0.010936431989063567,
    "skill_bybit_spot": 0.006835269993164729,
    "skill_trading_brain": 0.024812030075187966,
    "skill_quant_system": 0.016404647983595352,
    "skill_trading_agents": 0.013670539986329458,
    "skill_crypto_trading_bot": 0.010936431989063567,
    "skill_rho_signals": 0.010936431989063567,
    "skill_trading_assistant": 0.008202323991797676,
    "skill_trading_devbox": 0.006835269993164729,
    "skill_polymarket": 0.02066985645933014,
    "skill_polymarket_arbitrage": 0.010936431989063567,
    "skill_moneyclaw": 0.026042378673957617,
    "skill_agentbrain": 0.010936431989063567,
    "skill_hermes": 0.013670539986329458,
    "skill_agent_stock": 0.006835269993164729,
    "skill_akshare_stock": 0.0054682159945317835,
    "skill_china_stock_analysis": 0.0054682159945317835,
    "skill_stock_analysis": 0.0054682159945317835,
    "skill_stock_watcher": 0.004101161995898838,
    "skill_rag": 0.010936431989063567,
    "skill_evomap": 0.008202323991797676,
    "skill_data_analysis": 0.006835269993164729,
    "skill_gstack_browse": 0.006835269993164729,
    "skill_gstack_investigate": 0.0054682159945317835,
    "skill_gstack_retro": 0.0054682159945317835,
    "skill_openclaw_quant": 0.008202323991797676,
    "skill_article_writing": 0.013670539986329458,
    "skill_content_writer": 0.013670539986329458,
    "skill_video_to_text": 0.010936431989063567,
    "skill_openai_whisper": 0.010936431989063567,
    "skill_automation_scripts": 0.016404647983595352,
    "skill_website_cloner": 0.013670539986329458,
    "skill_public_apis": 0.010936431989063567,
    "skill_canvas_design": 0.008202323991797676,
    "strategy_rabbit_v2": 0.0851209589367068,
    "strategy_rabbit": 0.05270602659961546,
    "strategy_mole_v2": 0.03946729323589861,
    "strategy_mole": 0.041237643243878595,
    "strategy_oracle": 0.041437805839977096,
    "strategy_leader_v2": 0.03982509684032338,
    "strategy_leader": 0.024026425611132593,
    "strategy_signal_optimizer": 0.0293848370783636,
    "strategy_sonar": 0.04812199201539074,
    "strategy_mirofish": 0.09209553644324782,
    "strategy_crypto_dca": 0.02955768906117751,
    "strategy_smart_rebalance": 0.028976906398922794,
    "strategy_crypto_alert": 0.023579776087541464,
    "strategy_crypto_funding": 0.024462012607823626
  },
  "mirofish_verification": 0.8665699482999719,
  "total_confidence": 0.8039702443542633
}