{
  "timestamp": "2026-04-04T12:03:21.055915",
  "skill_weights": {
    "binance_spot": 0.05085780158676339,
    "binance_grid": 0.02712416084627381,
    "okx_spot": 0.02712416084627381,
    "bybit_spot": 0.01695260052892113,
    "trading_brain": 0.0645894080151895,
    "quant_system": 0.040686241269410714,
    "trading_agents": 0.03390520105784226,
    "crypto_trading_bot": 0.02712416084627381,
    "rho_signals": 0.02712416084627381,
    "trading_assistant": 0.020343120634705357,
    "trading_devbox": 0.01695260052892113,
    "polymarket": 0.05167152641215161,
    "polymarket_arbitrage": 0.02712416084627381,
    "moneyclaw": 0.06662372007866005,
    "agentbrain": 0.02712416084627381,
    "hermes": 0.03390520105784226,
    "agent_stock": 0.01695260052892113,
    "akshare_stock": 0.013562080423136905,
    "china_stock_analysis": 0.013562080423136905,
    "stock_analysis": 0.013562080423136905,
    "stock_watcher": 0.010171560317352678,
    "rag": 0.02712416084627381,
    "evomap": 0.020343120634705357,
    "data_analysis": 0.01695260052892113,
    "gstack_browse": 0.01695260052892113,
    "gstack_investigate": 0.013562080423136905,
    "gstack_retro": 0.013562080423136905,
    "openclaw_quant": 0.020343120634705357,
    "article_writing": 0.03390520105784226,
    "content_writer": 0.03390520105784226,
    "video_to_text": 0.02712416084627381,
    "openai_whisper": 0.02712416084627381,
    "automation_scripts": 0.040686241269410714,
    "website_cloner": 0.03390520105784226,
    "public_apis": 0.02712416084627381,
    "canvas_design": 0.020343120634705357
  },
  "strategy_weights": {
    "rabbit_v2": 0.14183285350079414,
    "rabbit": 0.09659967319513545,
    "mole_v2": 0.06379903789380216,
    "mole": 0.06437575236063879,
    "oracle": 0.07119677406066487,
    "leader_v2": 0.07157438472347458,
    "leader": 0.04739814810576761,
    "signal_optimizer": 0.05446747742345946,
    "sonar": 0.07689526224488395,
    "mirofish": 0.13388014408707474,
    "crypto_dca": 0.04930908691453184,
    "smart_rebalance": 0.05135505014211892,
    "crypto_alert": 0.038227930373170876,
    "crypto_funding": 0.03908842497448267
  },
  "combined_weights": {
    "skill_binance_spot": 0.02034312063470536,
    "skill_binance_grid": 0.010849664338509526,
    "skill_okx_spot": 0.010849664338509526,
    "skill_bybit_spot": 0.006781040211568453,
    "skill_trading_brain": 0.025835763206075807,
    "skill_quant_system": 0.01627449650776429,
    "skill_trading_agents": 0.013562080423136906,
    "skill_crypto_trading_bot": 0.010849664338509526,
    "skill_rho_signals": 0.010849664338509526,
    "skill_trading_assistant": 0.008137248253882144,
    "skill_trading_devbox": 0.006781040211568453,
    "skill_polymarket": 0.02066861056486065,
    "skill_polymarket_arbitrage": 0.010849664338509526,
    "skill_moneyclaw": 0.026649488031464025,
    "skill_agentbrain": 0.010849664338509526,
    "skill_hermes": 0.013562080423136906,
    "skill_agent_stock": 0.006781040211568453,
    "skill_akshare_stock": 0.005424832169254763,
    "skill_china_stock_analysis": 0.005424832169254763,
    "skill_stock_analysis": 0.005424832169254763,
    "skill_stock_watcher": 0.004068624126941072,
    "skill_rag": 0.010849664338509526,
    "skill_evomap": 0.008137248253882144,
    "skill_data_analysis": 0.006781040211568453,
    "skill_gstack_browse": 0.006781040211568453,
    "skill_gstack_investigate": 0.005424832169254763,
    "skill_gstack_retro": 0.005424832169254763,
    "skill_openclaw_quant": 0.008137248253882144,
    "skill_article_writing": 0.013562080423136906,
    "skill_content_writer": 0.013562080423136906,
    "skill_video_to_text": 0.010849664338509526,
    "skill_openai_whisper": 0.010849664338509526,
    "skill_automation_scripts": 0.01627449650776429,
    "skill_website_cloner": 0.013562080423136906,
    "skill_public_apis": 0.010849664338509526,
    "skill_canvas_design": 0.008137248253882144,
    "strategy_rabbit_v2": 0.0850997121004765,
    "strategy_rabbit": 0.05795980391708127,
    "strategy_mole_v2": 0.0382794227362813,
    "strategy_mole": 0.03862545141638328,
    "strategy_oracle": 0.042718064436398924,
    "strategy_leader_v2": 0.04294463083408475,
    "strategy_leader": 0.02843888886346057,
    "strategy_signal_optimizer": 0.03268048645407568,
    "strategy_sonar": 0.04613715734693038,
    "strategy_mirofish": 0.08032808645224486,
    "strategy_crypto_dca": 0.029585452148719108,
    "strategy_smart_rebalance": 0.030813030085271354,
    "strategy_crypto_alert": 0.02293675822390253,
    "strategy_crypto_funding": 0.023453054984689605
  },
  "mirofish_verification": 0.8719983270703363,
  "total_confidence": 0.8083129473705548
}