{
  "timestamp": "2026-04-04T09:12:46.784507",
  "skill_weights": {
    "binance_spot": 0.04991135960725487,
    "binance_grid": 0.027273966998499922,
    "okx_spot": 0.027273966998499922,
    "bybit_spot": 0.01704622937406245,
    "trading_brain": 0.06341197327151232,
    "quant_system": 0.04091095049774988,
    "trading_agents": 0.0340924587481249,
    "crypto_trading_bot": 0.027273966998499922,
    "rho_signals": 0.027273966998499922,
    "trading_assistant": 0.02045547524887494,
    "trading_devbox": 0.01704622937406245,
    "polymarket": 0.048684031092322354,
    "polymarket_arbitrage": 0.027273966998499922,
    "moneyclaw": 0.0675030683212873,
    "agentbrain": 0.027273966998499922,
    "hermes": 0.0340924587481249,
    "agent_stock": 0.01704622937406245,
    "akshare_stock": 0.013636983499249961,
    "china_stock_analysis": 0.013636983499249961,
    "stock_analysis": 0.013636983499249961,
    "stock_watcher": 0.01022773762443747,
    "rag": 0.027273966998499922,
    "evomap": 0.02045547524887494,
    "data_analysis": 0.01704622937406245,
    "gstack_browse": 0.01704622937406245,
    "gstack_investigate": 0.013636983499249961,
    "gstack_retro": 0.013636983499249961,
    "openclaw_quant": 0.02045547524887494,
    "article_writing": 0.0340924587481249,
    "content_writer": 0.0340924587481249,
    "video_to_text": 0.027273966998499922,
    "openai_whisper": 0.027273966998499922,
    "automation_scripts": 0.04091095049774988,
    "website_cloner": 0.0340924587481249,
    "public_apis": 0.027273966998499922,
    "canvas_design": 0.02045547524887494
  },
  "strategy_weights": {
    "rabbit_v2": 0.12398273336382098,
    "rabbit": 0.10266338379476961,
    "mole_v2": 0.06906195435691076,
    "mole": 0.05970794987098222,
    "oracle": 0.06825290354565082,
    "leader_v2": 0.06816683431041042,
    "leader": 0.04019777562668445,
    "signal_optimizer": 0.05774671889730391,
    "sonar": 0.07932140719756849,
    "mirofish": 0.1445963152039009,
    "crypto_dca": 0.05298422121400084,
    "smart_rebalance": 0.053018648908096995,
    "crypto_alert": 0.03913740264852251,
    "crypto_funding": 0.041161751061377115
  },
  "combined_weights": {
    "skill_binance_spot": 0.01996454384290195,
    "skill_binance_grid": 0.01090958679939997,
    "skill_okx_spot": 0.01090958679939997,
    "skill_bybit_spot": 0.006818491749624981,
    "skill_trading_brain": 0.025364789308604935,
    "skill_quant_system": 0.016364380199099957,
    "skill_trading_agents": 0.013636983499249963,
    "skill_crypto_trading_bot": 0.01090958679939997,
    "skill_rho_signals": 0.01090958679939997,
    "skill_trading_assistant": 0.008182190099549978,
    "skill_trading_devbox": 0.006818491749624981,
    "skill_polymarket": 0.019473612436928946,
    "skill_polymarket_arbitrage": 0.01090958679939997,
    "skill_moneyclaw": 0.027001227328514926,
    "skill_agentbrain": 0.01090958679939997,
    "skill_hermes": 0.013636983499249963,
    "skill_agent_stock": 0.006818491749624981,
    "skill_akshare_stock": 0.005454793399699985,
    "skill_china_stock_analysis": 0.005454793399699985,
    "skill_stock_analysis": 0.005454793399699985,
    "skill_stock_watcher": 0.004091095049774989,
    "skill_rag": 0.01090958679939997,
    "skill_evomap": 0.008182190099549978,
    "skill_data_analysis": 0.006818491749624981,
    "skill_gstack_browse": 0.006818491749624981,
    "skill_gstack_investigate": 0.005454793399699985,
    "skill_gstack_retro": 0.005454793399699985,
    "skill_openclaw_quant": 0.008182190099549978,
    "skill_article_writing": 0.013636983499249963,
    "skill_content_writer": 0.013636983499249963,
    "skill_video_to_text": 0.01090958679939997,
    "skill_openai_whisper": 0.01090958679939997,
    "skill_automation_scripts": 0.016364380199099957,
    "skill_website_cloner": 0.013636983499249963,
    "skill_public_apis": 0.01090958679939997,
    "skill_canvas_design": 0.008182190099549978,
    "strategy_rabbit_v2": 0.0743896400182926,
    "strategy_rabbit": 0.06159803027686177,
    "strategy_mole_v2": 0.041437172614146464,
    "strategy_mole": 0.03582476992258934,
    "strategy_oracle": 0.0409517421273905,
    "strategy_leader_v2": 0.040900100586246255,
    "strategy_leader": 0.024118665376010675,
    "strategy_signal_optimizer": 0.03464803133838235,
    "strategy_sonar": 0.0475928443185411,
    "strategy_mirofish": 0.08675778912234056,
    "strategy_crypto_dca": 0.03179053272840051,
    "strategy_smart_rebalance": 0.0318111893448582,
    "strategy_crypto_alert": 0.023482441589113508,
    "strategy_crypto_funding": 0.02469705063682627
  },
  "mirofish_verification": 0.8683603351650779,
  "total_confidence": 0.8054025538463482
}